Subject,Business Name,Email,Phone,Website,Business Type,Error
https://www.trubbtaxitourssvg.com/,Trubb Taxi Tours SVG,minibus090@gmail.com,+17844939852,https://www.trubbtaxitourssvg.com/,tour_operator,
https://sailorswildernesstours.com/,Sailor’s Wilderness Tours,bookings@sailorwildernesstours.com,+17844571712,https://sailorswildernesstours.com/,tour_operator,
https://topdawgtours.com/,Top Dawg Tours,contact@topdawgtours.com,+17845272945,https://topdawgtours.com/,tour_operator,
http://www.horizonsvg.com/International/svgtravelagencies.html,Travel & Tours Ltd,travelandtours@vincysurf.com,+17844562572,NA,travel_agency,
https://vct.aura.directory/,Trubb Taxi Tours SVG,minibus090@gmail.com,+17844939852,https://www.trubbtaxitourssvg.com/,tour_operator,
https://www.facebook.com/groups/792933745119254/,Alex’s Tours,kirk5grant@hotmail.com,+17845264793,NA,water_sports,
https://www.facebook.com/groups/ecofriendlytourismsvg/,Eco-Friendly Tourism St. Vincent and the Grenadines,NA,NA,NA,tour_operator,
Island Tour Your Choice (islandtouryourchoice@gmail.com),Island Tour Your Choice,islandtouryourchoice@gmail.com,+17845276559,NA,tour_operator,
Bamboo Adventures SVG (res@booksvgnow.com),Bamboo Adventures SVG,res@booksvgnow.com,+17845708000,https://www.booksvgnow.com,tour_operator,
Blue Sea Water Taxi (svgta@...),Blue Sea Water Taxi,svgta@discoversvg.com,+17844312755,NA,water_sports,
Travel & Tours Ltd (travelandtours@vincysurf.com),Travel & Tours Ltd,travelandtours@vincysurf.com,+17844562572,NA,travel_agency,
Irie Travel Services,Irie Travel Services,irietravel@vincysurf.com,+17844512003,NA,travel_agency,
https://www.springgardenresorts.com/contact-us.php,Spring Garden Resort,springgardenssvg1@gmail.com,+17844580512,https://www.springgardenresorts.com/,resort,
https://www.beachcombershotel.com/contact-us.html,Beachcombers Hotel,stay@beachcombershotel.com,+17844584283,https://www.beachcombershotel.com/,hotel,
https://www.grenadinehouse.com/contact-us,Grenadine House,stay@grenadinehouse.com,+17844581800,https://www.grenadinehouse.com/,boutique_hotel,
https://canouanestateresortandvillas.com/contact/,Canouan Estate Resort & Villas,reservations@canouan.com,+17844588000,https://canouanestateresortandvillas.com/,resort,
https://www.hotelalexandrina.com/contact-us,Hotel Alexandrina,info@hotelalexandrina.com,+17844569788,https://www.hotelalexandrina.com/,hotel,
https://svghotels.com/beachcombers-hotel/,Beachcombers Hotel,beachcombers@vincysurf.com,+17844584283,http://www.beachcombershotel.com,hotel,
https://svghotels.com/our-story/members/,Basil at Villa,basilatvillasvg@gmail.com,+17844562602,https://www.basilatvilla.com,boutique_hotel,
Serenity House St. Vincent (serenityhousest.vincent@gmail.com),Serenity House St. Vincent,serenityhousest.vincent@gmail.com,+17844965619,http://www.serenityhousestvincent.com/,guesthouse,
Mariner's Hotel St. Vincent,Mariners Hotel,frontdesk@marinershotel.com,+17844574000,https://www.marinershotel.com/,hotel,
LaVue Boutique Hotel & Beach Club,LaVue Boutique Hotel & Beach Club,info@lavuehotel.com,+17845288883,https://lavuehotel.com/,boutique_hotel,
